{"empNumber":812011761,"AVGSALES":385.4}
{"empNumber":1001084890,"AVGSALES":391.375}
{"empNumber":1001167253,"AVGSALES":377.0}
{"empNumber":1102024106,"AVGSALES":405.5}
{"empNumber":1104025008,"AVGSALES":422.75}
{"empNumber":1111030684,"AVGSALES":314.55555555555554}
{"empNumber":1203032099,"AVGSALES":300.75}
{"empNumber":1204032843,"AVGSALES":328.1111111111111}
{"empNumber":1302053046,"AVGSALES":400.1111111111111}
{"empNumber":1306057978,"AVGSALES":410.0}
{"empNumber":1306059197,"AVGSALES":332.2}
{"empNumber":1401064637,"AVGSALES":347.8}
{"empNumber":1408069481,"AVGSALES":225.0}
{"empNumber":1411071295,"AVGSALES":348.5}
{"empNumber":1411071302,"AVGSALES":389.3}
{"empNumber":1411071481,"AVGSALES":304.25}
{"empNumber":1501072180,"AVGSALES":356.0}
{"empNumber":1502072711,"AVGSALES":431.6666666666667}
{"empNumber":1504073313,"AVGSALES":422.2857142857143}
