{"empNumber":812011761,"TOTALSALES":231.24000072479248}
{"empNumber":1001084890,"TOTALSALES":187.86000156402588}
{"empNumber":1001167253,"TOTALSALES":180.95999908447266}
{"empNumber":1102024106,"TOTALSALES":145.9799976348877}
{"empNumber":1104025008,"TOTALSALES":202.9200029373169}
{"empNumber":1111030684,"TOTALSALES":169.86000156402588}
{"empNumber":1203032099,"TOTALSALES":144.35999965667725}
{"empNumber":1204032843,"TOTALSALES":177.18000030517578}
{"empNumber":1302053046,"TOTALSALES":216.05999851226807}
{"empNumber":1306057978,"TOTALSALES":246.00000286102295}
{"empNumber":1306059197,"TOTALSALES":199.31999969482422}
{"empNumber":1401064637,"TOTALSALES":208.68000030517578}
{"empNumber":1408069481,"TOTALSALES":67.50000095367432}
{"empNumber":1411071295,"TOTALSALES":167.2800006866455}
{"empNumber":1411071302,"TOTALSALES":233.58000087738037}
{"empNumber":1411071481,"TOTALSALES":146.04000091552734}
{"empNumber":1501072180,"TOTALSALES":192.23999881744385}
{"empNumber":1502072711,"TOTALSALES":310.8000020980835}
{"empNumber":1504073313,"TOTALSALES":177.36000061035156}
